Id,Created at,Updated at,Email,Reset password sent at,Remember created at,First name,Last name,Title
1,"March 07, 2019 02:22","March 07, 2019 14:46",philippe.@codeboxx.biz, - , - ,Philippe,Bouillon,Comm Rep
2,"March 07, 2019 14:39","March 07, 2019 14:39",felix-antoine.paradis@codeboxx.biz, - , - ,Felix-Antoine,Paradis,Engineer
3,"March 07, 2019 14:43","March 07, 2019 14:43",remi.gagnon@codeboxx.biz, - , - ,Remi,Gagnon,Engineer
4,"March 07, 2019 14:43","March 07, 2019 14:43",mathieu.lefrancois@codeboxx.biz, - , - ,Mathieu,LeFrançois,Engineer
5,"March 07, 2019 14:44","March 07, 2019 14:44",mathieu.houde@codeboxx.biz, - , - ,Mathieu,Houde,Engineer
6,"March 07, 2019 14:45","March 07, 2019 14:45",serge.savoie@codeboxx.biz, - , - ,Serge,Savoie,Engineer
7,"March 07, 2019 14:45","March 07, 2019 14:45",nadya.fortier@codeboxx.biz, - , - ,Nadya,Fortier,Director
8,"March 07, 2019 14:47","March 07, 2019 14:47",doum@codeboxx.biz, - , - ,Dominic,Villemure,Master
9,5/22/2016,5/24/2018,pleinthall8@seesaa.net,,,Paxon,Leinthall,Quality Engineer
10,8/10/2016,11/15/2018,cfasham9@shutterfly.com,,,Cordie,Fasham,Staff Accountant IV
11,10/30/2018,8/21/2018,mgosnella@altervista.org,,,Melvin,Gosnell,Graphic Designer
12,11/20/2017,12/7/2018,thartfleetb@wired.com,,,Tatum,Hartfleet,Research Assistant II
13,2/23/2017,3/25/2018,mblacklerc@amazonaws.com,,,Marius,Blackler,Account Coordinator
14,3/16/2018,9/30/2018,blazenbyd@github.io,,,Becka,Lazenby,Mechanical Systems Engineer
15,3/23/2017,1/19/2019,aweatherheade@ameblo.jp,,,Artemas,Weatherhead,Social Worker
16,5/25/2017,11/30/2018,sfilipf@japanpost.jp,,,Selina,Filip,Social Worker
17,11/21/2016,1/18/2019,mcumineg@nps.gov,,,Mabelle,Cumine,Technical Writer
18,10/14/2016,5/19/2018,wmouldenh@odnoklassniki.ru,,,Wilma,Moulden,Dental Hygienist
19,5/24/2016,8/16/2018,imacgrathi@seesaa.net,,,Irvin,MacGrath,Staff Scientist
20,2/26/2019,1/7/2019,mrowatj@oaic.gov.au,,,Merline,Rowat,Systems Administrator IV
21,7/6/2018,1/20/2019,rrobertsenk@apple.com,,,Rodger,Robertsen,Administrative Officer
22,12/13/2016,4/14/2018,cnoahl@businessinsider.com,,,Christian,Noah,Data Coordiator
23,11/23/2016,2/13/2019,msatterthwaitem@illinois.edu,,,Mariana,Satterthwaite,Geological Engineer
24,3/2/2017,8/20/2018,mstovelln@51.la,,,Mendel,Stovell,VP Quality Control
25,8/29/2016,4/30/2018,dbattleo@fastcompany.com,,,Derick,Battle,Technical Writer
26,11/10/2018,2/25/2019,pcloustonp@discovery.com,,,Patrizia,Clouston,Product Engineer
27,4/6/2016,8/27/2018,mtyresq@cpanel.net,,,Madison,Tyres,Chief Design Engineer
28,12/5/2016,1/26/2019,dverrallr@ucsd.edu,,,Danny,Verrall,Office Assistant II
29,2/28/2018,5/20/2018,lchasteneys@comcast.net,,,Lennie,Chasteney,Statistician I
30,5/2/2018,4/27/2018,adodshont@pagesperso-orange.fr,,,Alley,Dodshon,VP Accounting
31,11/21/2016,4/13/2018,mminoru@walmart.com,,,Mariel,Minor,Safety Technician II
32,2/18/2019,2/10/2019,tdiemerv@is.gd,,,Tierney,Diemer,Statistician III
33,12/13/2018,8/12/2018,jconnockw@jimdo.com,,,Justin,Connock,Office Assistant III
34,12/10/2017,10/30/2018,ajosipovicx@howstuffworks.com,,,Albert,Josipovic,Financial Advisor
35,6/2/2018,11/18/2018,dwinsparey@rambler.ru,,,Darnall,Winspare,Paralegal
36,6/7/2017,3/12/2018,fgookeyz@ask.com,,,Ferdinanda,Gookey,Geological Engineer
37,12/27/2018,3/10/2018,jdearth10@51.la,,,Jodi,Dearth,Account Executive
38,3/29/2018,10/12/2018,rdeaconson11@github.com,,,Ram,Deaconson,Social Worker
39,11/21/2017,11/27/2018,mmoen12@wiley.com,,,Maynard,Moen,Pharmacist
40,7/11/2018,10/20/2018,ppinnegar13@npr.org,,,Pandora,Pinnegar,Account Executive
41,8/3/2016,3/4/2018,broux14@apache.org,,,Basilius,Roux,Biostatistician II
42,12/6/2017,2/23/2019,ecarvell15@va.gov,,,Erinn,Carvell,Project Manager
43,7/25/2018,2/28/2019,craisbeck16@dion.ne.jp,,,Carilyn,Raisbeck,Human Resources Assistant I
44,4/16/2017,9/18/2018,jabel17@creativecommons.org,,,Jerome,Abel,Community Outreach Specialist
45,3/27/2016,7/4/2018,hlocke18@cdc.gov,,,Herculie,Locke,Database Administrator II
46,10/5/2017,1/8/2019,hcodman19@ask.com,,,Hannie,Codman,Community Outreach Specialist
47,5/24/2016,5/11/2018,arosin1a@twitter.com,,,Antone,Rosin,Web Designer III
48,6/24/2018,3/24/2018,idemageard1b@nsw.gov.au,,,Ian,Demageard,Account Executive
49,3/31/2018,3/31/2018,jplacidi1c@disqus.com,,,Janaye,Placidi,Database Administrator III
50,2/7/2018,8/13/2018,efludder1d@nbcnews.com,,,Ethyl,Fludder,Geological Engineer
51,6/22/2016,10/29/2018,bjouandet1e@smugmug.com,,,Biddy,Jouandet,Office Assistant II
52,11/5/2016,12/22/2018,mmacrinn1f@boston.com,,,Myca,MacRinn,Quality Engineer
53,5/30/2017,3/28/2018,wfossitt1g@biglobe.ne.jp,,,Warde,Fossitt,Project Manager
54,7/21/2017,9/13/2018,oparkey1h@discuz.net,,,Odelle,Parkey,Geologist II
55,9/24/2018,5/24/2018,jmcilwrick1i@booking.com,,,Jarrad,McIlwrick,VP Sales
56,8/28/2016,6/4/2018,jtwiggs1j@usgs.gov,,,Jackelyn,Twiggs,Assistant Media Planner
57,10/4/2018,7/16/2018,ssaul1k@examiner.com,,,Sile,Saul,Chief Design Engineer
58,9/25/2017,12/9/2018,adicke1l@phoca.cz,,,Alikee,Dicke,Developer III
59,9/28/2017,12/9/2018,cmeneghelli1m@google.com,,,Clarice,Meneghelli,Human Resources Manager
60,2/23/2017,2/10/2019,eparren1n@w3.org,,,Egon,Parren,Nurse Practicioner
61,6/19/2018,10/4/2018,iglaze1o@indiatimes.com,,,Isaak,Glaze,Safety Technician IV
62,9/26/2017,6/20/2018,mwhitmore1p@moonfruit.com,,,Margette,Whitmore,Environmental Specialist
63,11/16/2018,11/29/2018,twallis1q@rediff.com,,,Thatcher,Wallis,Geologist III
64,4/1/2017,3/1/2019,bdominighi1r@paginegialle.it,,,Beatriz,Dominighi,VP Sales
65,10/20/2017,5/22/2018,lkliner1s@t.co,,,Lucho,Kliner,Chemical Engineer
66,2/22/2019,12/22/2018,pgameson1t@msn.com,,,Penrod,Gameson,Web Developer I
67,8/22/2016,1/22/2019,fputtergill1u@bandcamp.com,,,Finn,Puttergill,Safety Technician II
68,1/17/2019,8/18/2018,bwallege1v@dmoz.org,,,Booth,Wallege,Developer III
69,4/10/2016,1/27/2019,afinkle1w@imageshack.us,,,Annmarie,Finkle,Developer III
70,1/2/2017,7/24/2018,mbowles1x@1688.com,,,Miguela,Bowles,Environmental Tech
71,10/11/2016,2/16/2019,bcarncross1y@networksolutions.com,,,Barb,Carncross,Software Consultant
72,9/28/2018,6/7/2018,mstoneham1z@merriam-webster.com,,,Maribel,Stoneham,Professor
73,12/3/2018,11/5/2018,rgringley20@timesonline.co.uk,,,Rory,Gringley,Human Resources Assistant I
74,1/5/2017,1/5/2019,lpyer21@census.gov,,,Leah,Pyer,Account Representative I
75,3/19/2018,2/6/2019,grispen22@google.nl,,,Garrick,Rispen,Structural Analysis Engineer
76,11/18/2017,8/3/2018,krantoul23@spotify.com,,,Konstanze,Rantoul,Technical Writer
77,4/27/2018,6/3/2018,arawsen24@sun.com,,,Alena,Rawsen,Junior Executive
78,2/5/2017,5/19/2018,elescop25@globo.com,,,Evvie,Lescop,Legal Assistant
79,8/21/2016,11/27/2018,rboatwright26@ameblo.jp,,,Raychel,Boatwright,Automation Specialist II
80,3/2/2018,10/8/2018,nrude27@woothemes.com,,,Nalani,Rude,VP Marketing
81,2/16/2019,4/21/2018,dwinsley28@psu.edu,,,Delmar,Winsley,Recruiter
82,2/10/2018,10/5/2018,cradborn29@geocities.jp,,,Carlina,Radborn,Human Resources Assistant III
83,8/26/2016,10/18/2018,tschreurs2a@acquirethisname.com,,,Ty,Schreurs,Nurse
84,2/14/2017,2/26/2019,emoyne2b@netscape.com,,,Evanne,Moyne,Tax Accountant
85,7/21/2017,10/5/2018,hglynne2c@i2i.jp,,,Hirsch,Glynne,Engineer I
86,7/5/2016,5/30/2018,rdaveren2d@prnewswire.com,,,Rodge,Daveren,Compensation Analyst
87,4/15/2017,2/1/2019,atwinbourne2e@reuters.com,,,Ardys,Twinbourne,Environmental Specialist
88,9/21/2018,12/16/2018,acarleton2f@yahoo.com,,,Alexei,Carleton,Quality Engineer
89,8/23/2017,1/9/2019,fbarzen2g@4shared.com,,,Faina,Barzen,Payment Adjustment Coordinator
90,6/24/2016,1/13/2019,fkornyshev2h@webeden.co.uk,,,Finn,Kornyshev,Civil Engineer
91,2/16/2017,10/20/2018,mmccheyne2i@google.it,,,Merill,McCheyne,Account Executive
92,6/27/2018,4/11/2018,sepsly2j@phoca.cz,,,Sissie,Epsly,Occupational Therapist
93,2/27/2019,5/7/2018,deasterling2k@desdev.cn,,,Drew,Easterling,Executive Secretary
94,3/28/2017,8/12/2018,lszubert2l@google.com.hk,,,Linus,Szubert,Paralegal
95,4/9/2018,4/18/2018,mdytham2m@adobe.com,,,Maxim,Dytham,Teacher
96,1/12/2019,6/4/2018,fstranks2n@alibaba.com,,,Filia,Stranks,Electrical Engineer
97,10/26/2016,10/7/2018,madger2o@discuz.net,,,Merissa,Adger,Administrative Officer
98,12/29/2017,9/24/2018,oyuill2p@blogger.com,,,Osmund,Yuill,Chemical Engineer
99,8/1/2018,7/11/2018,tpernell2q@umn.edu,,,Toddie,Pernell,Marketing Assistant
100,5/1/2018,8/7/2018,kmara2r@example.com,,,Kip,Mara,Legal Assistant
101,7/15/2016,3/27/2018,acarde2s@indiatimes.com,,,Alfons,Carde,Administrative Assistant IV
102,1/31/2018,5/14/2018,ntorald2t@de.vu,,,Nicola,Torald,Staff Scientist
103,6/28/2017,7/18/2018,wblanque2u@home.pl,,,Wain,Blanque,Quality Control Specialist
104,4/14/2016,2/26/2019,bfarrear2v@technorati.com,,,Blaire,Farrear,Chemical Engineer
105,10/25/2018,11/5/2018,cdrust2w@hhs.gov,,,Calv,Drust,Graphic Designer
106,9/22/2018,1/26/2019,gworham2x@bravesites.com,,,Georgetta,Worham,Nurse
107,6/23/2017,5/29/2018,bobbard2y@zimbio.com,,,Berget,Obbard,Recruiter
108,9/10/2017,8/5/2018,dnowland2z@redcross.org,,,Dorelia,Nowland,VP Product Management
109,6/6/2016,5/5/2018,mmellon30@irs.gov,,,Magnum,Mellon,Engineer III
110,8/13/2016,7/8/2018,msharpin31@mail.ru,,,Merrile,Sharpin,Recruiting Manager
111,6/7/2017,7/6/2018,kdunstall32@shareasale.com,,,Kai,Dunstall,Quality Engineer
112,5/5/2016,1/27/2019,dbutterly33@dedecms.com,,,Deina,Butterly,Physical Therapy Assistant
113,4/23/2017,4/24/2018,othunderchief34@patch.com,,,Osmond,Thunderchief,Paralegal
114,11/26/2017,2/21/2019,fwardhaugh35@sohu.com,,,Florian,Wardhaugh,Software Consultant
115,6/19/2017,10/7/2018,jkinson36@wordpress.com,,,Johnathon,Kinson,General Manager
116,1/18/2018,11/10/2018,icrackel37@usa.gov,,,Iorgo,Crackel,Librarian
117,10/29/2018,8/14/2018,nhudspith38@google.pl,,,Nat,Hudspith,Legal Assistant
118,10/29/2017,4/27/2018,wkefford39@pbs.org,,,Wilbert,Kefford,Environmental Tech
119,11/1/2017,12/28/2018,dwroath3a@rediff.com,,,Denyse,Wroath,Structural Engineer
120,12/1/2017,9/23/2018,mdifilippo3b@ask.com,,,Maye,Di Filippo,Developer II
121,10/27/2017,11/26/2018,nbarnwille3c@seattletimes.com,,,Novelia,Barnwille,Junior Executive
122,5/8/2018,6/12/2018,oshevlan3d@opera.com,,,Odelia,Shevlan,Tax Accountant
123,9/6/2016,3/2/2019,ilegrave3e@tuttocitta.it,,,Isa,Legrave,Help Desk Operator
124,5/25/2018,4/28/2018,msheeran3f@wp.com,,,Milka,Sheeran,Analog Circuit Design manager
125,11/5/2016,4/28/2018,ryouel3g@nps.gov,,,Robby,Youel,Junior Executive
126,6/21/2018,3/27/2018,arevey3h@elpais.com,,,Ambrosius,Revey,Account Executive
127,5/11/2016,12/25/2018,kferrey3i@vistaprint.com,,,Krispin,Ferrey,Computer Systems Analyst II
128,7/21/2016,10/28/2018,aratchford3j@diigo.com,,,Annemarie,Ratchford,Cost Accountant
129,9/21/2017,7/11/2018,pslarke3k@accuweather.com,,,Pauletta,Slarke,Database Administrator III
130,2/1/2017,7/7/2018,tcrosio3l@time.com,,,Torre,Crosio,Recruiting Manager
131,4/26/2017,9/9/2018,cjuanico3m@weibo.com,,,Cam,Juanico,Budget/Accounting Analyst II
132,3/26/2017,3/6/2019,gbaddam3n@hhs.gov,,,Gayler,Baddam,Senior Developer
133,7/7/2016,3/19/2018,kbaniard3o@a8.net,,,Kimbell,Baniard,Environmental Tech
134,1/1/2017,11/24/2018,kmilksop3p@thetimes.co.uk,,,Kathleen,Milksop,Financial Analyst
135,4/24/2017,8/15/2018,gmorewood3q@un.org,,,Gauthier,Morewood,Statistician III
136,11/19/2017,7/16/2018,pmccray3r@dagondesign.com,,,Patrice,McCray,Legal Assistant
137,3/27/2018,5/18/2018,jcowoppe3s@archive.org,,,Jeannine,Cowoppe,Pharmacist
138,4/5/2017,5/15/2018,hbauldrey3t@usatoday.com,,,Hanson,Bauldrey,Environmental Tech
139,12/14/2017,1/26/2019,flassell3u@nature.com,,,Flem,Lassell,Operator
140,7/25/2016,10/2/2018,hlusted3v@tuttocitta.it,,,Hansiain,Lusted,Professor
141,12/18/2018,10/4/2018,edot3w@gravatar.com,,,Ezra,Dot,VP Quality Control
142,8/21/2016,1/18/2019,mlaing3x@google.fr,,,Melisenda,Laing,Safety Technician I
143,11/8/2017,2/14/2019,hheyward3y@nbcnews.com,,,Hugo,Heyward,Assistant Media Planner
144,12/6/2018,3/2/2018,ggrundle3z@prweb.com,,,Gwendolin,Grundle,Account Coordinator
145,8/23/2016,7/14/2018,fpolle40@ucoz.com,,,Francklin,Polle,Sales Associate
146,6/14/2016,3/18/2018,ycubberley41@google.co.jp,,,Yasmin,Cubberley,Editor
147,6/7/2017,2/14/2019,bquittonden42@nsw.gov.au,,,Bob,Quittonden,Recruiter
148,6/2/2017,11/24/2018,afrazer43@google.com,,,Alyss,Frazer,Office Assistant III
149,5/14/2016,1/2/2019,cworster44@nasa.gov,,,Charlotta,Worster,Senior Cost Accountant
150,11/13/2017,11/18/2018,dbiaggioli45@friendfeed.com,,,Dallon,Biaggioli,Geologist III
151,12/26/2018,7/22/2018,dwalisiak46@fotki.com,,,Diana,Walisiak,Data Coordiator
152,1/29/2017,10/28/2018,rtuckett47@cafepress.com,,,Rudiger,Tuckett,Developer I
153,1/24/2019,5/2/2018,ehinchshaw48@ucoz.com,,,Esme,Hinchshaw,Nurse Practicioner
154,5/12/2017,7/29/2018,gglendza49@mayoclinic.com,,,Gaven,Glendza,Clinical Specialist
155,6/28/2016,6/11/2018,lhurdwell4a@flavors.me,,,Lucretia,Hurdwell,Budget/Accounting Analyst I
156,10/21/2016,3/14/2018,jcholdcroft4b@china.com.cn,,,Juliet,Choldcroft,Assistant Manager
157,5/20/2018,1/21/2019,rpriel4c@addtoany.com,,,Rouvin,Priel,Chief Design Engineer
158,1/7/2019,12/1/2018,eclemett4d@dagondesign.com,,,Ethelyn,Clemett,Systems Administrator II
159,1/22/2017,11/29/2018,jboard4e@1688.com,,,Janaye,Board,General Manager
160,9/5/2016,9/20/2018,gsouthers4f@bravesites.com,,,Ginnie,Southers,Research Nurse
161,5/6/2017,6/7/2018,lkops4g@bloomberg.com,,,Lizbeth,Kops,Payment Adjustment Coordinator
162,6/28/2016,6/22/2018,pdupey4h@vinaora.com,,,Parrnell,Dupey,Environmental Tech
163,4/30/2017,8/19/2018,lcalliss4i@fastcompany.com,,,Lothaire,Calliss,Assistant Media Planner
164,9/28/2017,10/12/2018,tchatan4j@prlog.org,,,Teirtza,Chatan,Senior Editor
165,11/16/2016,7/27/2018,jlapthorn4k@amazon.co.uk,,,Jania,Lapthorn,Senior Developer
166,4/13/2017,9/26/2018,rbuggs4l@columbia.edu,,,Randa,Buggs,Administrative Assistant I
167,5/24/2016,1/27/2019,nedgehill4m@shop-pro.jp,,,Nickolaus,Edgehill,Research Assistant IV
168,7/12/2017,3/19/2018,lrymill4n@vinaora.com,,,Luce,Rymill,Internal Auditor
169,5/2/2017,12/2/2018,bsent4o@cocolog-nifty.com,,,Benedict,Sent,Automation Specialist II
170,11/2/2016,7/25/2018,npabst4p@wordpress.org,,,Neils,Pabst,Chief Design Engineer
171,1/25/2018,8/5/2018,pcazin4q@delicious.com,,,Perry,Cazin,Product Engineer
172,5/18/2017,5/30/2018,slightbowne4r@mail.ru,,,Shannen,Lightbowne,General Manager
173,6/28/2018,3/28/2018,yhatcliffe4s@cbc.ca,,,Yasmeen,Hatcliffe,Help Desk Operator
174,10/17/2016,10/10/2018,pspooner4t@uol.com.br,,,Philbert,Spooner,Safety Technician I
175,12/26/2016,5/7/2018,lmcarthur4u@ihg.com,,,Lazar,McArthur,GIS Technical Architect
176,12/2/2016,10/28/2018,ahutsby4v@homestead.com,,,Abdul,Hutsby,Payment Adjustment Coordinator
177,4/30/2017,9/12/2018,jandriss4w@china.com.cn,,,Judas,Andriss,Marketing Manager
178,9/20/2018,5/5/2018,rkealy4x@about.me,,,Ravi,Kealy,Software Test Engineer I
179,12/14/2018,8/18/2018,gstithe4y@forbes.com,,,Graham,Stithe,Director of Sales
180,3/7/2017,3/26/2018,eworstall4z@wikia.com,,,Eloisa,Worstall,Media Manager IV
181,5/27/2016,4/26/2018,kmaher50@japanpost.jp,,,Kyrstin,Maher,Librarian
182,1/9/2019,12/6/2018,gtice51@google.com.hk,,,Gordy,Tice,Human Resources Manager
183,4/10/2016,6/29/2018,ngreasty52@bloglovin.com,,,Norma,Greasty,Information Systems Manager
184,9/14/2016,9/24/2018,kdreus53@ycombinator.com,,,Kimbell,Dreus,Web Developer IV
185,1/22/2019,5/24/2018,mboulter54@xing.com,,,Merv,Boulter,Automation Specialist III
186,12/24/2017,11/23/2018,kwhylie55@taobao.com,,,Ketty,Whylie,Office Assistant II
187,12/9/2018,10/10/2018,mlaister56@newyorker.com,,,Moll,Laister,Computer Systems Analyst II
188,1/11/2019,2/15/2019,cerswell57@etsy.com,,,Chrystel,Erswell,Budget/Accounting Analyst III
189,12/19/2018,2/20/2019,sjedryka58@digg.com,,,Sybila,Jedryka,General Manager
190,6/2/2017,6/8/2018,fhischke59@redcross.org,,,Farlee,Hischke,Safety Technician I
191,10/4/2017,3/3/2018,lyewen5a@disqus.com,,,Leontine,Yewen,Project Manager
192,12/1/2016,7/28/2018,ejopke5b@cnn.com,,,Essy,Jopke,Paralegal
193,8/18/2018,12/4/2018,imusselwhite5c@whitehouse.gov,,,Iolande,Musselwhite,Clinical Specialist
194,10/10/2016,3/25/2018,epenswick5d@surveymonkey.com,,,Erskine,Penswick,General Manager
195,9/20/2018,1/2/2019,cbaldcock5e@slashdot.org,,,Courtney,Baldcock,Senior Quality Engineer
196,12/10/2018,8/20/2018,mgranger5f@tamu.edu,,,Maxy,Granger,Payment Adjustment Coordinator
197,11/13/2018,6/24/2018,broels5g@zdnet.com,,,Beck,Roels,VP Sales
198,2/9/2018,11/27/2018,zetter5h@ihg.com,,,Zelma,Etter,Graphic Designer
199,10/5/2016,6/19/2018,mlighten5i@google.com.br,,,Mandie,Lighten,Research Associate
200,11/10/2018,3/5/2019,ecrennan5j@cnet.com,,,Emili,Crennan,Analyst Programmer
201,12/3/2018,2/18/2019,ogremane5k@yandex.ru,,,Onfroi,Gremane,Computer Systems Analyst I
202,11/13/2016,12/31/2018,vpotbury5l@fotki.com,,,Valida,Potbury,Junior Executive
203,3/13/2018,10/31/2018,cmanueli5m@google.com.au,,,Carey,Manueli,Business Systems Development Analyst
204,2/3/2017,11/19/2018,reliff5n@squidoo.com,,,Rubia,Eliff,Mechanical Systems Engineer
205,9/24/2016,10/26/2018,morts5o@is.gd,,,Madelyn,Orts,Account Representative III
206,5/12/2018,5/22/2018,lskupinski5p@google.co.uk,,,Laurice,Skupinski,Senior Developer
207,2/24/2018,10/1/2018,ldisbrey5q@sun.com,,,Lilla,Disbrey,Recruiting Manager
208,7/3/2016,11/18/2018,ctoffano5r@noaa.gov,,,Chadwick,Toffano,Chief Design Engineer
209,11/22/2017,12/28/2018,gtoothill5s@google.pl,,,Grantham,Toothill,Office Assistant IV
210,3/12/2017,6/11/2018,breedyhough5t@unesco.org,,,Bald,Reedyhough,Librarian
211,6/30/2018,10/23/2018,hfridaye5u@chicagotribune.com,,,Haydon,Fridaye,Administrative Officer
212,7/17/2017,5/24/2018,arook5v@mysql.com,,,Anne,Rook,Payment Adjustment Coordinator
213,3/27/2017,10/17/2018,iwales5w@wp.com,,,Inglebert,Wales,Product Engineer
214,11/10/2017,9/14/2018,mkeepence5x@china.com.cn,,,Milo,Keepence,Paralegal
215,3/26/2016,11/27/2018,jbranchflower5y@cnbc.com,,,Jamey,Branchflower,Database Administrator I
216,4/21/2017,1/16/2019,rberth5z@msu.edu,,,Reginald,Berth,General Manager
217,5/5/2016,1/13/2019,rkinze60@ovh.net,,,Randolf,Kinze,Senior Sales Associate
218,6/6/2018,12/25/2018,kbaser61@usda.gov,,,Kellen,Baser,Payment Adjustment Coordinator
219,6/5/2017,2/21/2019,loreagan62@list-manage.com,,,Laura,O Reagan,Occupational Therapist
220,1/14/2018,12/19/2018,tbessett63@studiopress.com,,,Traver,Bessett,Physical Therapy Assistant
221,9/5/2017,7/8/2018,cmckellen64@twitpic.com,,,Christiana,McKellen,Administrative Officer
222,5/4/2016,1/4/2019,dbartholomieu65@techcrunch.com,,,Delano,Bartholomieu,Analog Circuit Design manager
223,6/16/2018,7/5/2018,dcicerone66@is.gd,,,Dale,Cicerone,Human Resources Assistant III
224,9/30/2018,7/24/2018,tterris67@drupal.org,,,Tami,Terris,Accountant I
225,11/15/2018,12/4/2018,kadey68@sbwire.com,,,Karoly,Adey,Office Assistant III
226,10/9/2017,6/3/2018,wwhyte69@weather.com,,,Winny,Whyte,Business Systems Development Analyst
227,8/28/2018,7/17/2018,rlabbez6a@wikimedia.org,,,Rutter,Labbez,Research Assistant II
228,9/6/2016,9/22/2018,binsworth6b@squarespace.com,,,Bathsheba,Insworth,Computer Systems Analyst I
229,5/7/2018,8/3/2018,opalfree6c@mac.com,,,Ossie,Palfree,Budget/Accounting Analyst II
230,3/19/2016,11/29/2018,tcoils6d@springer.com,,,Teodoor,Coils,Compensation Analyst
231,4/25/2018,9/30/2018,mabrahamson6e@home.pl,,,Marji,Abrahamson,Food Chemist
232,1/30/2018,5/11/2018,smounsie6f@jalbum.net,,,Susana,Mounsie,Administrative Assistant II
233,3/23/2017,6/26/2018,kring6g@qq.com,,,Kial,Ring,Financial Analyst
234,5/30/2017,9/16/2018,cconville6h@etsy.com,,,Carlen,Conville,Engineer I
235,4/23/2018,1/25/2019,catter6i@oaic.gov.au,,,Carlo,Atter,Civil Engineer
236,12/20/2017,9/17/2018,dbroadberry6j@yahoo.com,,,Donnell,Broadberry,Budget/Accounting Analyst III
237,11/14/2017,2/3/2019,lcardero6k@ihg.com,,,Layton,Cardero,Accounting Assistant IV
238,9/16/2018,1/27/2019,ggrgic6l@cafepress.com,,,Gerrilee,Grgic,Financial Advisor
239,3/26/2017,7/7/2018,aklehn6m@time.com,,,Ania,Klehn,Mechanical Systems Engineer
240,9/5/2017,6/3/2018,rbriiginshaw6n@ucoz.com,,,Reed,Briiginshaw,Programmer Analyst I
241,11/18/2018,11/30/2018,faistrop6o@deviantart.com,,,Fowler,Aistrop,Senior Editor
242,7/12/2017,4/14/2018,pmidgley6p@icio.us,,,Prudy,Midgley,Pharmacist
243,1/13/2017,6/7/2018,tlippi6q@ifeng.com,,,Tyrone,Lippi,Assistant Media Planner
244,12/19/2018,10/27/2018,eluckwell6r@bbb.org,,,Edithe,Luckwell,Structural Engineer
245,5/31/2017,3/23/2018,pfishbourne6s@youtu.be,,,Pansie,Fishbourne,Graphic Designer
246,1/14/2017,4/7/2018,esmalecombe6t@bbc.co.uk,,,Eleanore,Smalecombe,Desktop Support Technician
247,1/20/2017,5/13/2018,jbatkin6u@so-net.ne.jp,,,Julietta,Batkin,Software Consultant
248,12/6/2017,3/7/2018,jextence6v@princeton.edu,,,Jocelyn,Extence,Programmer II
249,7/18/2016,6/12/2018,msharpus6w@addtoany.com,,,Melodee,Sharpus,Payment Adjustment Coordinator
250,10/5/2016,7/22/2018,sechalie6x@state.gov,,,Simone,Echalie,Database Administrator I
251,10/18/2017,12/6/2018,ctreagus6y@printfriendly.com,,,Cathrine,Treagus,Product Engineer
252,3/19/2017,8/26/2018,hbateson6z@macromedia.com,,,Hanson,Bateson,Senior Cost Accountant
253,10/24/2017,8/8/2018,glenoir70@google.com.au,,,Garnet,Lenoir,Marketing Manager
254,12/24/2016,5/16/2018,wnorker71@163.com,,,West,Norker,Information Systems Manager
255,7/19/2016,4/4/2018,slethby72@4shared.com,,,Skipton,Lethby,Nuclear Power Engineer
256,10/4/2018,1/10/2019,pfreeberne73@ustream.tv,,,Patrizio,Freeberne,Associate Professor
257,5/28/2017,9/20/2018,pbafford74@list-manage.com,,,Padraig,Bafford,Senior Quality Engineer
258,11/1/2018,3/1/2019,tferrari75@umich.edu,,,Trever,Ferrari,Project Manager
259,8/23/2017,6/20/2018,gkubalek76@drupal.org,,,Gregorio,Kubalek,Administrative Officer
260,9/4/2017,11/28/2018,tvanderkruys77@macromedia.com,,,Tiler,Van der Kruys,Nuclear Power Engineer
261,1/20/2017,11/27/2018,bleedes78@apache.org,,,Berkley,Leedes,General Manager
262,11/11/2016,3/29/2018,ztwamley79@theguardian.com,,,Zollie,Twamley,Research Assistant III
263,11/21/2018,4/2/2018,fcaress7a@dmoz.org,,,Florance,Caress,Executive Secretary
264,9/11/2018,11/30/2018,fivashinnikov7b@wordpress.com,,,Farrand,Ivashinnikov,Developer II
265,11/4/2017,10/29/2018,dburridge7c@kickstarter.com,,,Darius,Burridge,Developer II
266,2/2/2019,11/17/2018,shandsheart7d@storify.com,,,Selie,Handsheart,Speech Pathologist
267,9/23/2016,2/8/2019,lbarwell7e@nytimes.com,,,Leoine,Barwell,Structural Engineer
268,12/27/2016,12/14/2018,dhowle7f@mac.com,,,Dahlia,Howle,Recruiter
269,3/22/2018,4/24/2018,bgreve7g@taobao.com,,,Britt,Greve,Desktop Support Technician
270,1/22/2017,3/28/2018,cemslie7h@people.com.cn,,,Camile,Emslie,Nuclear Power Engineer
271,2/20/2019,12/8/2018,rcrowley7i@squidoo.com,,,Rania,Crowley,Systems Administrator IV
272,4/13/2016,3/18/2018,sgeekie7j@elpais.com,,,Stefan,Geekie,Paralegal
273,6/7/2016,1/5/2019,dbollands7k@addthis.com,,,Donella,Bollands,Information Systems Manager
274,5/28/2018,1/1/2019,mlistone7l@google.com.br,,,Milton,Listone,Chemical Engineer
275,12/8/2018,8/9/2018,dfaraker7m@ebay.com,,,Donnell,Faraker,Staff Accountant II
276,12/25/2016,8/4/2018,lsibbons7n@noaa.gov,,,Lela,Sibbons,Administrative Officer
277,7/2/2018,7/15/2018,tpenticost7o@imageshack.us,,,Tammi,Penticost,Software Test Engineer IV
278,7/1/2018,11/4/2018,hmcellen7p@google.ru,,,Hagen,McEllen,Professor
279,8/10/2018,7/25/2018,paustick7q@abc.net.au,,,Padriac,Austick,Community Outreach Specialist
280,9/15/2018,1/12/2019,cdubery7r@digg.com,,,Codi,Dubery,Editor
281,12/26/2016,3/13/2018,sdefew7s@com.com,,,Serena,Defew,Data Coordiator
282,6/29/2017,1/19/2019,jerasmus7t@is.gd,,,Julie,Erasmus,Account Coordinator
283,1/27/2019,6/30/2018,mkightly7u@harvard.edu,,,Mag,Kightly,Junior Executive
284,8/5/2016,5/30/2018,egrasser7v@ebay.com,,,Elizabet,Grasser,Safety Technician III
285,3/10/2018,3/10/2018,shaggish7w@creativecommons.org,,,Sheena,Haggish,Recruiting Manager
286,1/4/2019,10/31/2018,kjovovic7x@privacy.gov.au,,,Kerry,Jovovic,Physical Therapy Assistant
287,5/8/2017,8/13/2018,hsailor7y@ft.com,,,Hector,Sailor,Administrative Assistant II
288,6/19/2018,11/19/2018,wdevaux7z@economist.com,,,Wendi,De Vaux,Clinical Specialist
289,11/18/2018,10/3/2018,hendley80@noaa.gov,,,Hercules,Endley,Actuary
290,8/31/2017,12/30/2018,rrenzini81@newsvine.com,,,Rivi,Renzini,Recruiting Manager
291,11/18/2018,2/24/2019,whaygreen82@wufoo.com,,,Wren,Haygreen,Recruiter
292,1/19/2019,9/10/2018,stitterrell83@about.me,,,Shell,Titterrell,Senior Sales Associate
293,3/5/2017,10/28/2018,dkleuer84@forbes.com,,,Dyna,Kleuer,Pharmacist
294,6/1/2017,10/27/2018,yverecker85@prnewswire.com,,,Yurik,Verecker,Staff Accountant I
295,1/3/2017,6/23/2018,ifullbrook86@goo.gl,,,Iolanthe,Fullbrook,Marketing Assistant
296,1/26/2017,5/10/2018,nlittlecote87@nasa.gov,,,Ninetta,Littlecote,Help Desk Technician
297,9/4/2016,8/25/2018,psmaridge88@elpais.com,,,Prinz,Smaridge,VP Sales
298,3/31/2018,3/5/2019,tcastagneri89@xing.com,,,Tammy,Castagneri,Design Engineer
299,1/24/2018,11/24/2018,sclaiton8a@jugem.jp,,,Sheppard,Claiton,Operator
300,3/28/2018,9/9/2018,ntripon8b@homestead.com,,,Nelly,Tripon,Staff Scientist
301,4/9/2017,5/8/2018,mvern8c@cloudflare.com,,,Matt,Vern,Nurse
302,12/31/2016,3/8/2018,sbrunsdon8d@mysql.com,,,Salem,Brunsdon,Product Engineer
303,12/13/2017,12/18/2018,ggiscken8e@people.com.cn,,,Gran,Giscken,Teacher
304,5/13/2018,5/15/2018,dflasby8f@salon.com,,,Dan,Flasby,Food Chemist
305,3/13/2018,5/19/2018,kantoniazzi8g@hp.com,,,Kaila,Antoniazzi,Account Representative I
306,3/25/2016,1/2/2019,cpieters8h@digg.com,,,Clarisse,Pieters,Payment Adjustment Coordinator
307,11/9/2016,1/25/2019,sgurnee8i@newyorker.com,,,Shirl,Gurnee,Account Executive
308,6/20/2017,11/19/2018,ccharlet8j@youtu.be,,,Chloe,Charlet,VP Marketing
309,4/11/2016,5/7/2018,tcamerello8k@ameblo.jp,,,Theobald,Camerello,Paralegal
310,12/4/2017,9/3/2018,tnowlan8l@vistaprint.com,,,Ty,Nowlan,Programmer Analyst II
311,7/6/2017,10/27/2018,jwaterworth8m@pen.io,,,Johann,Waterworth,Administrative Officer
312,8/2/2018,1/23/2019,amorley8n@hc360.com,,,Ann-marie,Morley,VP Marketing
313,3/31/2018,12/23/2018,vsilverston8o@pagesperso-orange.fr,,,Van,Silverston,Data Coordiator
314,2/10/2018,2/1/2019,anewlyn8p@exblog.jp,,,Alma,Newlyn,Electrical Engineer
315,8/3/2016,12/25/2018,lgreenrodd8q@exblog.jp,,,Lola,Greenrodd,Programmer III
316,10/15/2017,11/18/2018,loldershaw8r@typepad.com,,,Laina,Oldershaw,Chief Design Engineer
317,3/26/2018,1/28/2019,ssnowden8s@hubpages.com,,,Saxe,Snowden,Associate Professor
318,9/25/2018,7/21/2018,bmillhouse8t@ibm.com,,,Benedick,Millhouse,Pharmacist
319,6/30/2016,12/5/2018,dtopaz8u@unc.edu,,,Desi,Topaz,Research Assistant IV
320,11/30/2016,6/26/2018,nguice8v@prnewswire.com,,,Nathanil,Guice,VP Product Management
321,3/28/2018,3/8/2019,ccromleholme8w@hhs.gov,,,Cody,Cromleholme,Sales Associate
322,1/25/2018,5/7/2018,kaiers8x@state.gov,,,Kincaid,Aiers,Systems Administrator IV
323,6/20/2018,2/18/2019,jdoring8y@prlog.org,,,Josephina,Doring,Administrative Officer
324,10/28/2018,9/1/2018,leaglesham8z@wordpress.com,,,Laurence,Eaglesham,Registered Nurse
325,3/2/2018,10/28/2018,gheiss90@samsung.com,,,Gregor,Heiss,Geologist II
326,8/14/2018,12/20/2018,bweth91@netlog.com,,,Bennie,Weth,Media Manager III
327,7/8/2017,10/29/2018,ksimonian92@vinaora.com,,,Kaia,Simonian,Programmer Analyst III
328,2/26/2018,9/23/2018,cpiesing93@gizmodo.com,,,Cora,Piesing,Human Resources Manager
329,12/3/2017,3/20/2018,ejemison94@hexun.com,,,Ellen,Jemison,Professor
330,7/12/2018,7/30/2018,rpriddis95@bigcartel.com,,,Rolando,Priddis,Web Developer I
331,1/28/2019,9/1/2018,epratten96@shareasale.com,,,Erinna,Pratten,Sales Associate
332,6/20/2016,6/9/2018,fkeuning97@stanford.edu,,,Fianna,Keuning,Chief Design Engineer
333,9/4/2017,1/18/2019,jvanderveldt98@weibo.com,,,Joshia,Van der Veldt,Actuary
334,6/6/2016,6/6/2018,bfalconar99@stanford.edu,,,Bailie,Falconar,Information Systems Manager
335,10/23/2017,12/24/2018,amaunder9a@zimbio.com,,,Alair,Maunder,Administrative Assistant IV
336,7/27/2018,6/28/2018,dnagle9b@stumbleupon.com,,,Deny,Nagle,Programmer II
337,2/20/2017,11/5/2018,wbeacroft9c@thetimes.co.uk,,,Waverly,Beacroft,Software Consultant
338,11/5/2016,4/2/2018,lcoulter9d@google.cn,,,Lavena,Coulter,Design Engineer
339,1/17/2017,4/19/2018,svolcker9e@bandcamp.com,,,Shep,Volcker,Senior Cost Accountant
340,8/27/2018,3/3/2018,rorae9f@bbb.org,,,Rochette,Orae,Administrative Officer
341,9/6/2016,12/28/2018,cshort9g@tinyurl.com,,,Constancy,Short,Food Chemist
342,12/2/2018,7/5/2018,dboag9h@github.io,,,Demetra,Boag,Business Systems Development Analyst
343,3/21/2018,9/30/2018,dmclurg9i@usnews.com,,,Dermot,McLurg,Operator
344,6/6/2017,1/21/2019,lgauthorpp9j@adobe.com,,,Lamar,Gauthorpp,Executive Secretary
345,9/18/2018,3/21/2018,dwitten9k@bloglovin.com,,,Doll,Witten,Compensation Analyst
346,9/15/2016,7/27/2018,bryde9l@gov.uk,,,Byron,Ryde,Teacher
347,7/25/2017,4/17/2018,estledger9m@newyorker.com,,,Eunice,St. Ledger,Statistician I
348,7/6/2016,7/17/2018,ppadley9n@cnbc.com,,,Phillipe,Padley,Compensation Analyst
349,10/3/2018,4/16/2018,jbraidley9o@bbb.org,,,Jinny,Braidley,Design Engineer
350,10/12/2018,1/5/2019,tgricks9p@seesaa.net,,,Tommie,Gricks,Nuclear Power Engineer
351,12/12/2017,1/31/2019,chugland9q@amazon.co.uk,,,Curt,Hugland,VP Marketing
352,3/8/2018,8/23/2018,chacard9r@globo.com,,,Charlton,Hacard,Registered Nurse
353,2/26/2017,10/17/2018,gfrew9s@telegraph.co.uk,,,Grenville,Frew,Software Engineer I
354,8/10/2017,8/7/2018,ctertre9t@themeforest.net,,,Carlin,Tertre,Desktop Support Technician
355,10/31/2016,5/26/2018,pswires9u@mozilla.com,,,Porty,Swires,Web Designer IV
356,2/3/2017,3/7/2018,knathon9v@hatena.ne.jp,,,Karney,Nathon,Physical Therapy Assistant
357,5/1/2016,9/19/2018,bjury9w@networkadvertising.org,,,Bride,Jury,Quality Control Specialist
358,2/26/2019,3/6/2019,oleggan9x@ucoz.ru,,,Ollie,Leggan,Human Resources Assistant I
359,8/4/2018,2/13/2019,bundrell9y@nps.gov,,,Bald,Undrell,Assistant Manager
360,2/25/2018,8/26/2018,fmenego9z@photobucket.com,,,Farrah,Menego,Chemical Engineer
361,8/16/2016,12/9/2018,ujudda0@who.int,,,Ursulina,Judd,Assistant Manager
362,7/7/2017,9/2/2018,amartynkaa1@accuweather.com,,,Adelind,Martynka,Junior Executive
363,10/6/2017,2/9/2019,lmussillia2@tuttocitta.it,,,Leonanie,Mussilli,Research Assistant III
364,6/12/2018,3/10/2019,dpeela3@usatoday.com,,,Debee,Peel,Staff Accountant I
365,6/28/2017,9/2/2018,tcorringhama4@xrea.com,,,Tamara,Corringham,Speech Pathologist
366,3/9/2018,10/24/2018,bmacenzya5@dailymotion.com,,,Briana,Macenzy,Financial Analyst
367,11/18/2016,10/12/2018,raventa6@a8.net,,,Roth,Avent,Senior Quality Engineer
368,1/5/2019,11/13/2018,lfarghera7@google.ru,,,Leona,Fargher,Account Representative III
369,12/12/2016,2/11/2019,sbevara8@sbwire.com,,,Sybille,Bevar,Accountant III
370,6/7/2018,2/14/2019,cshanahana9@deviantart.com,,,Coralyn,Shanahan,Help Desk Operator
371,5/17/2016,11/16/2018,jcuberleyaa@a8.net,,,Jazmin,Cuberley,Senior Sales Associate
372,12/26/2018,4/30/2018,eketchellab@marriott.com,,,Englebert,Ketchell,Chemical Engineer
373,12/22/2016,9/23/2018,gkingsnorthac@admin.ch,,,Gaile,Kingsnorth,Assistant Professor
374,9/14/2016,7/16/2018,mbrigmanad@amazonaws.com,,,Morton,Brigman,Accountant II
375,11/2/2017,9/11/2018,jdevonsideae@usda.gov,,,Jameson,Devonside,Technical Writer
376,6/5/2016,12/7/2018,brussoaf@wikispaces.com,,,Bert,Russo,Internal Auditor
377,10/22/2017,4/11/2018,nburchmoreag@youtube.com,,,Nadeen,Burchmore,Sales Representative
378,11/11/2016,3/9/2019,gtibbettsah@hc360.com,,,Garrott,Tibbetts,Marketing Assistant
379,2/20/2017,12/3/2018,remblingai@uol.com.br,,,Robyn,Embling,GIS Technical Architect
380,5/11/2017,8/26/2018,crushbrookaj@nps.gov,,,Cynthia,Rushbrook,Physical Therapy Assistant
381,9/18/2018,11/20/2018,ncaneroak@go.com,,,Nani,Canero,Senior Editor
382,3/4/2017,10/24/2018,ngabitsal@pagesperso-orange.fr,,,Neddy,Gabits,VP Marketing
383,1/4/2017,12/7/2018,ilantam@jimdo.com,,,Ira,Lant,Quality Engineer
384,5/19/2016,3/6/2019,rdykasan@wikipedia.org,,,Rebekkah,Dykas,General Manager
385,11/15/2018,2/11/2019,mmcgrathao@cyberchimps.com,,,Maryellen,McGrath,Internal Auditor
386,2/1/2018,11/15/2018,afabriap@chronoengine.com,,,Ashlie,Fabri,Teacher
387,7/19/2018,12/4/2018,fwindaybankaq@jugem.jp,,,Forrest,Windaybank,Biostatistician III
388,10/10/2018,9/16/2018,dsmeesar@jiathis.com,,,Deanne,Smees,Internal Auditor
389,3/16/2018,10/30/2018,msteaningas@rediff.com,,,Michel,Steaning,Accounting Assistant III
390,7/18/2016,3/4/2018,tagatesat@myspace.com,,,Thorstein,Agates,Project Manager
391,2/16/2019,5/19/2018,csenescallau@utexas.edu,,,Chauncey,Senescall,Human Resources Manager
392,4/7/2017,2/17/2019,kyoakleyav@storify.com,,,Kally,Yoakley,Computer Systems Analyst II
393,10/21/2018,8/27/2018,zkastelaw@psu.edu,,,Zachery,Kastel,Help Desk Technician
394,12/16/2018,5/8/2018,mteligaax@amazon.com,,,Matty,Teliga,Pharmacist
395,5/16/2016,6/19/2018,cmaggioreay@newyorker.com,,,Cassandre,Maggiore,Staff Scientist
396,8/22/2016,5/19/2018,cwoolleyaz@tripod.com,,,Christian,Woolley,Associate Professor
397,4/17/2016,11/26/2018,dclereb0@princeton.edu,,,Dita,Clere,Staff Accountant III
398,2/4/2017,8/14/2018,mschreib1@mapquest.com,,,Muffin,Schrei,Geologist III
399,8/25/2017,12/5/2018,bdudsonb2@cyberchimps.com,,,Bonni,Dudson,Mechanical Systems Engineer
400,8/12/2018,12/11/2018,oharlingb3@hostgator.com,,,Orelle,Harling,Compensation Analyst
401,12/20/2016,12/18/2018,ebirnieb4@cbc.ca,,,Enrico,Birnie,Developer II
402,9/4/2017,9/6/2018,ezoaneb5@lulu.com,,,Elita,Zoane,Structural Analysis Engineer
403,1/21/2017,8/25/2018,fluptonb6@ucoz.ru,,,Filide,Lupton,Nurse
404,2/13/2019,11/1/2018,pletchfordb7@php.net,,,Philipa,Letchford,Social Worker
405,3/23/2016,8/12/2018,cpurveyb8@ca.gov,,,Casar,Purvey,Analog Circuit Design manager
406,10/3/2017,7/19/2018,hllywarchb9@myspace.com,,,Hayden,Llywarch,Assistant Media Planner
407,9/2/2017,10/18/2018,okernoghanba@tripadvisor.com,,,Orlando,Kernoghan,VP Sales
408,12/27/2016,6/18/2018,vtomkiesbb@berkeley.edu,,,Vincents,Tomkies,Staff Accountant II
409,12/11/2017,2/23/2019,gduffilbc@google.com.hk,,,Gilly,Duffil,Assistant Manager
410,3/30/2016,4/19/2018,mkruszelnickibd@qq.com,,,Maryjane,Kruszelnicki,Director of Sales
411,6/16/2016,11/25/2018,jmalinsonbe@cargocollective.com,,,Jo-anne,Malinson,Physical Therapy Assistant
412,8/15/2017,8/27/2018,eodempseybf@disqus.com,,,Ellary,ODempsey,Project Manager
413,7/22/2018,5/27/2018,plongriggbg@marriott.com,,,Pet,Longrigg,Executive Secretary
414,5/31/2016,3/5/2019,kduffellbh@who.int,,,Kimberli,Duffell,Occupational Therapist
415,10/9/2016,3/10/2018,gbiglandbi@hao123.com,,,George,Bigland,VP Quality Control
416,7/2/2018,10/19/2018,dstrobandbj@google.it,,,Denyse,Stroband,Computer Systems Analyst III
417,9/1/2017,5/14/2018,jstrugnellbk@skyrock.com,,,Jodee,Strugnell,Account Representative I
418,12/9/2016,4/23/2018,jbroadberebl@blog.com,,,Jobi,Broadbere,Business Systems Development Analyst
419,5/23/2018,11/1/2018,ccarebm@jigsy.com,,,Christiana,Care,Dental Hygienist
420,7/5/2016,8/15/2018,tdanielisbn@mit.edu,,,Ty,Danielis,VP Marketing
421,2/23/2018,3/11/2018,wraxworthybo@clickbank.net,,,Wang,Raxworthy,Social Worker
422,4/10/2018,8/1/2018,ipennonibp@uiuc.edu,,,Ignacius,Pennoni,Account Executive
423,10/14/2017,2/6/2019,mcordeixbq@nydailynews.com,,,Marcelo,Cordeix,General Manager
424,3/20/2016,3/27/2018,adelacostebr@marketwatch.com,,,Anneliese,De La Coste,Analog Circuit Design manager
425,1/28/2019,6/28/2018,pbroadwaybs@cnbc.com,,,Phedra,Broadway,Sales Representative
426,3/20/2016,6/7/2018,cmcellenbt@latimes.com,,,Cam,McEllen,Operator
427,4/29/2018,4/3/2018,sspriggsbu@squarespace.com,,,Shalom,Spriggs,Automation Specialist I
428,9/7/2016,9/9/2018,ahebblewaitebv@tumblr.com,,,Alyce,Hebblewaite,Human Resources Assistant III
429,9/10/2016,9/7/2018,rryanbw@goo.ne.jp,,,Ricky,Ryan,VP Marketing
430,6/16/2017,5/9/2018,ndzeniskevichbx@dyndns.org,,,Nelly,Dzeniskevich,Environmental Tech
431,6/22/2016,7/18/2018,akornyakovby@istockphoto.com,,,Alex,Kornyakov,Associate Professor
432,3/18/2018,5/5/2018,glapishbz@prnewswire.com,,,Gilbertine,Lapish,VP Quality Control
433,11/6/2018,3/3/2019,cdelahuntc0@mapquest.com,,,Cynthy,Delahunt,Food Chemist
434,9/1/2016,7/22/2018,lmoxomc1@mail.ru,,,Liane,Moxom,Product Engineer
435,10/17/2018,10/2/2018,blidbetterc2@ihg.com,,,Brianna,Lidbetter,Budget/Accounting Analyst III
436,3/9/2017,5/3/2018,rdeverehuntc3@wikimedia.org,,,Revkah,DeVere - Hunt,Social Worker
437,4/22/2017,3/7/2018,bcustyc4@salon.com,,,Bealle,Custy,Biostatistician II
438,9/24/2017,9/11/2018,acowinc5@stanford.edu,,,Alf,Cowin,Administrative Officer
439,8/31/2017,11/20/2018,sbarczewskic6@free.fr,,,Spencer,Barczewski,Safety Technician IV
440,5/27/2018,4/19/2018,skilnc7@ihg.com,,,Sophie,Kiln,Senior Financial Analyst
441,11/17/2017,8/30/2018,wstorrorc8@cbc.ca,,,Walden,Storror,Senior Sales Associate
442,12/4/2017,2/24/2019,pcurthoysc9@opera.com,,,Pauly,Curthoys,Software Consultant
443,8/13/2016,11/26/2018,lhuorticca@simplemachines.org,,,Lenka,Huortic,Chief Design Engineer
444,12/26/2016,10/31/2018,tficklingcb@spiegel.de,,,Tiffy,Fickling,Speech Pathologist
445,5/30/2018,2/11/2019,gsandfordcc@cbslocal.com,,,Geno,Sandford,Operator
446,6/2/2016,10/12/2018,ekeedwellcd@nifty.com,,,Estele,Keedwell,Compensation Analyst
447,3/29/2017,7/14/2018,ltrebblece@merriam-webster.com,,,Lindy,Trebble,Sales Associate
448,10/30/2018,9/11/2018,ddeathcf@squarespace.com,,,Delora,Death,Environmental Specialist
449,2/6/2017,6/27/2018,dliggettcg@berkeley.edu,,,Dov,Liggett,Programmer I
450,10/25/2016,6/24/2018,jnethercottch@unicef.org,,,Jaye,Nethercott,Nurse
451,3/5/2018,5/26/2018,bertelci@last.fm,,,Barbee,Ertel,Nuclear Power Engineer
452,4/1/2018,2/6/2019,hvisecj@techcrunch.com,,,Henderson,Vise,Sales Representative
453,7/22/2016,7/27/2018,gizatsonck@businessinsider.com,,,Giralda,Izatson,Structural Engineer
454,7/26/2016,5/28/2018,whasseycl@ted.com,,,Wells,Hassey,Account Representative IV
455,2/27/2019,5/25/2018,nphilipponcm@noaa.gov,,,Niel,Philippon,Database Administrator II
456,12/14/2017,5/13/2018,tdaviddicn@weather.com,,,Tadeo,Daviddi,Project Manager
457,6/30/2016,10/21/2018,masburyco@mail.ru,,,Maryann,Asbury,Project Manager
458,12/11/2016,2/10/2019,mdunlapcp@uiuc.edu,,,Magnum,Dunlap,Media Manager IV
459,3/23/2016,11/19/2018,lfishlycq@list-manage.com,,,Lindsy,Fishly,Structural Engineer
460,3/24/2018,3/13/2018,lbastonecr@npr.org,,,Lem,Bastone,Assistant Manager
461,1/4/2018,5/6/2018,awalkleycs@dailymotion.com,,,Arabela,Walkley,Nurse Practicioner
462,1/8/2017,1/28/2019,equantrillct@nba.com,,,Ediva,Quantrill,Geological Engineer
463,7/11/2016,11/22/2018,jmaurocu@amazon.co.jp,,,Johny,Mauro,Sales Representative
464,9/14/2018,7/7/2018,kfriendcv@blogspot.com,,,Kristoforo,Friend,Operator
465,5/30/2017,12/12/2018,mdowerscw@skype.com,,,Malina,Dowers,Health Coach IV
466,3/21/2018,9/30/2018,amechicx@aol.com,,,Augusto,Mechi,Budget/Accounting Analyst IV
467,1/17/2017,4/7/2018,malvaradocy@fc2.com,,,Michale,Alvarado,Computer Systems Analyst IV
468,4/11/2018,6/29/2018,blowethcz@ted.com,,,Britt,Loweth,Financial Advisor
469,1/27/2017,3/8/2018,fgellettd0@wordpress.com,,,Florinda,Gellett,Registered Nurse
470,3/5/2018,11/20/2018,rorand1@sphinn.com,,,Rab,Oran,Web Developer III
471,4/24/2018,5/17/2018,gdruhand2@smh.com.au,,,Goldarina,Druhan,Dental Hygienist
472,8/16/2018,3/9/2019,dsurguined3@arstechnica.com,,,Dominga,Surguine,Engineer I
473,11/19/2018,8/16/2018,nelflaind4@ebay.com,,,Neil,Elflain,Assistant Professor
474,10/2/2018,4/11/2018,mleishmand5@scientificamerican.com,,,Marabel,Leishman,Safety Technician II
475,7/5/2018,6/14/2018,ihoused6@ehow.com,,,Irena,House,Computer Systems Analyst I
476,11/13/2016,4/15/2018,aadamikd7@ucoz.com,,,Anatol,Adamik,Actuary
477,5/25/2018,11/22/2018,adedomenicod8@wordpress.org,,,Aldwin,De Domenico,Programmer IV
478,9/12/2018,4/14/2018,asedgemondd9@drupal.org,,,Addi,Sedgemond,Operator
479,4/22/2016,5/14/2018,dculveyda@ftc.gov,,,Daune,Culvey,Dental Hygienist
480,12/3/2018,8/1/2018,kroubaydb@example.com,,,Kathye,Roubay,Administrative Assistant II
481,8/19/2016,5/2/2018,afaggdc@biglobe.ne.jp,,,Andris,Fagg,Operator
482,12/20/2018,6/18/2018,kgiggdd@skype.com,,,Ky,Gigg,Chief Design Engineer
483,10/14/2018,7/6/2018,aleverettede@reuters.com,,,Aluin,Leverette,Account Coordinator
484,12/25/2018,1/3/2019,kuffdf@diigo.com,,,Kris,Uff,Human Resources Manager
485,3/23/2016,3/28/2018,bdignalldg@mac.com,,,Benedick,Dignall,Registered Nurse
486,7/10/2017,5/30/2018,mhogbendh@utexas.edu,,,Merry,Hogben,Safety Technician II
487,3/16/2016,11/3/2018,jmonceydi@state.gov,,,Jeremias,Moncey,Technical Writer
488,2/6/2018,12/25/2018,kwhartonbydj@scribd.com,,,Karina,Whartonby,Quality Control Specialist
489,4/17/2017,12/25/2018,akenningleydk@icio.us,,,Antonetta,Kenningley,Office Assistant II
490,7/21/2018,6/19/2018,mdericotdl@technorati.com,,,Misti,Dericot,Structural Engineer
491,3/26/2018,1/16/2019,dalejodm@utexas.edu,,,Dacy,Alejo,Paralegal
492,6/10/2018,4/23/2018,kjahnerdn@macromedia.com,,,Konstanze,Jahner,Associate Professor
493,7/17/2018,6/23/2018,aaprahamiando@mac.com,,,Aggi,Aprahamian,Accounting Assistant III
494,4/24/2017,2/15/2019,gcaspelldp@artisteer.com,,,Genevieve,Caspell,Structural Engineer
495,8/3/2017,3/20/2018,triddedq@ox.ac.uk,,,Theodora,Ridde,Junior Executive
496,11/27/2018,10/28/2018,eilchenkodr@google.it,,,Elvin,Ilchenko,Environmental Specialist
497,10/24/2017,3/12/2018,jhannumds@de.vu,,,Johan,Hannum,Physical Therapy Assistant
498,2/26/2017,12/9/2018,lkenwaydt@chronoengine.com,,,Lonnie,Kenway,Media Manager I
499,5/15/2017,6/4/2018,jwhinneydu@twitter.com,,,Jone,Whinney,Sales Representative
500,6/4/2017,3/16/2018,dfotittdv@amazon.de,,,Deloria,Fotitt,Budget/Accounting Analyst III
